sejda.com;/pdf-editor;Online converter
pdfguru.com;/app;Online converter
thebestpdf.com;/;Online converter
freeconvert.com;/;Online converter
ilovepdf.com;/;Online converter
smallpdf.com;/;Online converter
gonitro.com;/;Online converter
xodo.com;/;Online converter
pdf2doc.com;/;Online converter
freepdfconvert.com;/;Online converter
tools.pdf24.org;/;Online converter
pdf2go.com;/;Online converter
imagetopdf.com;/;Online converter
sodapdf.com,/,Online converter
pdf.io,/,Online converter
pdfcandy.com/,/,Online converter
online2pdf.com,/,Online converter
cloudconvert.com,/,Online converter
convertio.co,/,Online converter
zamzar.com,/convert,Online converter
convertapi.com,/,Online converter
ironpdf.com,/,Online converter
adobe.com,/acrobat/online/,Online converter
docfly.com,/,Online converter
doctopdf.com,/,Online converter
convertonlinefree.com,/,Online converter
freepdfconvert.com,/,Online converter
